Date,spread
2018-01-02,-0.6610511012142557
2018-01-03,-0.6607872234170755
2018-01-04,-0.6514024371975187
2018-01-05,-0.6543072272289008
2018-01-08,-0.6504453433532871
2018-01-09,-0.6461718595554773
2018-01-10,-0.6448680230256549
2018-01-11,-0.6407235147033745
2018-01-12,-0.642335429773012
2018-01-16,-0.637957034403954
2018-01-17,-0.6421746049773787
2018-01-18,-0.6398722866532758
2018-01-19,-0.6426869977090242
2018-01-22,-0.6484190146420015
2018-01-23,-0.6453223951648064
2018-01-24,-0.6361094222399699
2018-01-25,-0.634043119381404
2018-01-26,-0.6263615540659644
2018-01-29,-0.6273968451492165
2018-01-30,-0.6352151917916045
2018-01-31,-0.6346232597839103
2018-02-01,-0.6375695803297678
2018-02-02,-0.6400824544381849
2018-02-05,-0.6464239931184053
2018-02-06,-0.6439437263265542
2018-02-07,-0.6459142049507518
2018-02-08,-0.651168383791648
2018-02-09,-0.6591896562610144
2018-02-12,-0.646197290005198
2018-02-13,-0.642962448674576
2018-02-14,-0.619347205187168
2018-02-15,-0.6198768301254125
2018-02-16,-0.6161792338057808
2018-02-20,-0.625015254070374
2018-02-21,-0.6271536862948119
2018-02-22,-0.6338727771708283
2018-02-23,-0.6255882339250562
2018-02-26,-0.6365135412049145
2018-02-27,-0.6454467361454759
2018-02-28,-0.6448102859047116
2018-03-01,-0.6330160035288204
2018-03-02,-0.6342960689899355
2018-03-05,-0.6337597599408151
2018-03-06,-0.6341312878409613
2018-03-07,-0.638858010504975
2018-03-08,-0.6434908286615935
2018-03-09,-0.6390370224256805
2018-03-12,-0.6472746876591282
2018-03-13,-0.6534110440297844
2018-03-14,-0.6543088729134814
2018-03-15,-0.6516532128058197
2018-03-16,-0.6535419162787783
2018-03-19,-0.6473548833999807
2018-03-20,-0.6457565782120831
2018-03-21,-0.6395327410538822
2018-03-22,-0.6382141846627789
2018-03-23,-0.6326595314473069
2018-03-26,-0.6299959457079276
2018-03-27,-0.632571645306363
2018-03-28,-0.6359006733598802
2018-03-29,-0.6331073655425761
2018-04-02,-0.6325668782482818
2018-04-03,-0.6259849292205169
2018-04-04,-0.6234247128670432
2018-04-05,-0.6231239880378592
2018-04-06,-0.6231736645305412
2018-04-09,-0.6259102712513092
2018-04-10,-0.6224379266875726
2018-04-11,-0.6162536670015957
2018-04-12,-0.6121507041773633
2018-04-13,-0.6094871805183719
2018-04-16,-0.6113152587828061
2018-04-17,-0.5978595577426331
2018-04-18,-0.5897365240022334
2018-04-19,-0.5818136981320454
2018-04-20,-0.5669391745155328
2018-04-23,-0.5623808614478936
2018-04-24,-0.5728224266017388
2018-04-25,-0.5851120479406964
2018-04-26,-0.596934479963172
2018-04-27,-0.5697548965175345
2018-04-30,-0.5649494258939094
2018-05-01,-0.5624554425300734
2018-05-02,-0.5568525037299432
2018-05-03,-0.5644598832712795
2018-05-04,-0.566546917918552
2018-05-07,-0.5645355946358608
2018-05-08,-0.5585658237345155
2018-05-09,-0.5531680719899152
2018-05-10,-0.55438842629286
2018-05-11,-0.5568768106667701
2018-05-14,-0.5565575560028266
2018-05-15,-0.5608183436698222
2018-05-16,-0.5686668358146068
2018-05-17,-0.5577855042518967
2018-05-18,-0.5566969102820947
2018-05-21,-0.5702740654920886
2018-05-22,-0.5779982316039205
2018-05-23,-0.579315309302491
2018-05-24,-0.578683007603364
2018-05-25,-0.5780089606652337
2018-05-29,-0.5787742195741599
2018-05-30,-0.5750240832139748
2018-05-31,-0.5719712326419835
2018-06-01,-0.5691844424345938
2018-06-04,-0.5594250551668836
2018-06-05,-0.5690427819353965
2018-06-06,-0.5667330527716614
2018-06-07,-0.5702540873314974
2018-06-08,-0.5708151143850722
2018-06-11,-0.5732844283092242
2018-06-12,-0.5784134162476051
2018-06-13,-0.5906610275417621
2018-06-14,-0.5942218795739644
2018-06-15,-0.6037439073444326
2018-06-18,-0.5971352984593841
2018-06-19,-0.6011282874727755
2018-06-20,-0.607630285822268
2018-06-21,-0.624140063743992
2018-06-22,-0.6302509596358474
2018-06-25,-0.6279931348366854
2018-06-26,-0.6256334650860622
2018-06-27,-0.6335568041516955
2018-06-28,-0.6278526310369035
2018-06-29,-0.6205565345356394
2018-07-02,-0.6287283138506421
2018-07-03,-0.6169947015260417
2018-07-05,-0.6083129069852418
2018-07-06,-0.6088461908006946
2018-07-09,-0.5987220873303216
2018-07-10,-0.6295229266180868
2018-07-11,-0.6306255851074751
2018-07-12,-0.6248652630663272
2018-07-13,-0.6329903713742562
2018-07-16,-0.6354548213158004
2018-07-17,-0.6396818257076875
2018-07-18,-0.6421513274932198
2018-07-19,-0.6500082326882279
2018-07-20,-0.6481863369894252
2018-07-23,-0.6423303988241345
2018-07-24,-0.638318694977321
2018-07-25,-0.6239747338393031
2018-07-26,-0.6190172561800869
2018-07-27,-0.6137838636063755
2018-07-30,-0.6125311016231412
2018-07-31,-0.6106179841184121
2018-08-01,-0.6043892907506208
2018-08-02,-0.6177876873389874
2018-08-03,-0.6213606452814955
2018-08-06,-0.6293740683053501
2018-08-07,-0.6070359671690664
2018-08-08,-0.6085866870300598
2018-08-09,-0.6059933953214744
2018-08-10,-0.6049737025997883
2018-08-13,-0.6116580241669469
2018-08-14,-0.6110120268597239
2018-08-15,-0.6097740534075724
2018-08-16,-0.6133217908249136
2018-08-17,-0.610935812262507
2018-08-20,-0.6071720721557665
2018-08-21,-0.6089671986947303
2018-08-22,-0.6029920710313705
2018-08-23,-0.6054219641018621
2018-08-24,-0.6087940894064259
2018-08-27,-0.6096483592753352
2018-08-28,-0.6062883097549392
2018-08-29,-0.6145549160691113
2018-08-30,-0.622220505171271
2018-08-31,-0.6311285769336505
2018-09-04,-0.6183911037906138
2018-09-05,-0.6223531478020523
2018-09-06,-0.6246522726406929
2018-09-07,-0.6194529053140863
2018-09-10,-0.618913110178978
2018-09-11,-0.6178009986157296
2018-09-12,-0.6173195707505577
2018-09-13,-0.6270868698073011
2018-09-14,-0.6201746218720987
2018-09-17,-0.6197856800122392
2018-09-18,-0.6166449076019567
2018-09-19,-0.6142648838196623
2018-09-20,-0.6114390184841367
2018-09-21,-0.6102030398797038
2018-09-24,-0.5994437843462359
2018-09-25,-0.6054393052507279
2018-09-26,-0.5977854791817676
2018-09-27,-0.5905140744590933
2018-09-28,-0.5929134484618377
2018-10-01,-0.5828720741453783
2018-10-02,-0.5598456163705547
2018-10-03,-0.5633069208331385
2018-10-04,-0.5557831363954064
2018-10-05,-0.5540735203181435
2018-10-08,-0.5559139851900685
2018-10-09,-0.5572463943022332
2018-10-10,-0.5658883399941312
2018-10-11,-0.5688108125653981
2018-10-12,-0.5698743051936441
2018-10-15,-0.5678483344377003
2018-10-16,-0.5704927347720266
2018-10-17,-0.57038173388483
2018-10-18,-0.5725557123741161
2018-10-19,-0.5771515823343072
2018-10-22,-0.5773638262678724
2018-10-23,-0.5751445684836809
2018-10-24,-0.590958002571083
2018-10-25,-0.5947645325169644
2018-10-26,-0.5873982145876404
2018-10-29,-0.5961718434289605
2018-10-30,-0.5785735601365944
2018-10-31,-0.5618249951803547
2018-11-01,-0.5574747112998573
2018-11-02,-0.5491833616116835
2018-11-05,-0.5616525503976986
2018-11-06,-0.5597534743623638
2018-11-07,-0.5577187833346722
2018-11-08,-0.5621677892962031
2018-11-09,-0.5664873055984847
2018-11-12,-0.5585957364632979
2018-11-13,-0.560156478942103
2018-11-14,-0.5582378805530999
2018-11-15,-0.5598434567542037
2018-11-16,-0.5635827289472655
2018-11-19,-0.5620367893895581
2018-11-20,-0.5606708784988923
2018-11-21,-0.5680901434007573
2018-11-23,-0.5632117510830557
2018-11-26,-0.5699212526092712
2018-11-27,-0.5644188249630586
2018-11-28,-0.5739797815004182
2018-11-29,-0.5790781240308025
2018-11-30,-0.579119848575361
2018-12-03,-0.5702921841040487
2018-12-04,-0.5631734522533964
2018-12-06,-0.5669590173192032
2018-12-07,-0.5646374083809507
2018-12-10,-0.5645731836751167
2018-12-11,-0.567324454061549
2018-12-12,-0.5714861105726392
2018-12-13,-0.5771643283216918
2018-12-14,-0.5443122084817018
2018-12-17,-0.5560759309674248
2018-12-18,-0.5476971190607083
2018-12-19,-0.5412308755171322
2018-12-20,-0.5502208699769078
2018-12-21,-0.5428523626057307
2018-12-24,-0.547808281826351
2018-12-26,-0.5468079323923964
2018-12-27,-0.5436937959847166
2018-12-28,-0.5586726636501735
2018-12-31,-0.5565171049294482
2019-01-02,-0.5551986845046617
2019-01-03,-0.5526144516475169
2019-01-04,-0.5518816573258722
2019-01-07,-0.5569126837433784
2019-01-08,-0.5546227094197747
2019-01-09,-0.5474317018541761
2019-01-10,-0.5424849410339081
2019-01-11,-0.5368521221280624
2019-01-14,-0.5335715337419682
2019-01-15,-0.5391645460497929
2019-01-16,-0.5473206351602644
2019-01-17,-0.5519180182220911
2019-01-18,-0.5475587418297345
2019-01-22,-0.5438889372035032
2019-01-23,-0.539390696691703
2019-01-24,-0.5410174582767806
2019-01-25,-0.5464665957848327
2019-01-28,-0.5461470828725656
2019-01-29,-0.5428306840694113
2019-01-30,-0.5486815230425566
2019-01-31,-0.5585617894398056
2019-02-01,-0.5427900897900142
2019-02-04,-0.5390430772504762
2019-02-05,-0.5372651501845369
2019-02-06,-0.5385086223053954
2019-02-07,-0.535597249142953
2019-02-08,-0.5333995119117607
2019-02-11,-0.5307653749473391
2019-02-12,-0.5365319032048221
2019-02-13,-0.5366297451567892
2019-02-14,-0.6121138484831081
2019-02-15,-0.6470383189137507
2019-02-19,-0.6563043844430423
2019-02-20,-0.6494908868216522
2019-02-21,-0.6349608230029458
2019-02-22,-0.6529976470217544
2019-02-25,-0.6549030982531145
2019-02-26,-0.6597551816443379
2019-02-27,-0.6493184897134481
2019-02-28,-0.6502103467730613
2019-03-01,-0.6536914680115871
2019-03-04,-0.647678792422886
2019-03-05,-0.6476451804976135
2019-03-06,-0.6560114648342199
2019-03-07,-0.6552526530955731
2019-03-08,-0.6579729729854873
2019-03-11,-0.639515284711873
2019-03-12,-0.6421738711284593
2019-03-13,-0.6385693108689643
2019-03-14,-0.6324750962315675
2019-03-15,-0.6425629754840805
2019-03-18,-0.6530845833307843
2019-03-19,-0.6563127744093498
2019-03-20,-0.6587939982106454
2019-03-21,-0.6680568141900669
2019-03-22,-0.6688541955948772
2019-03-25,-0.6676871349138063
2019-03-26,-0.6635458555904958
2019-03-27,-0.6631907030262982
2019-03-28,-0.663450433375008
2019-03-29,-0.6628990953125355
2019-04-01,-0.6616782412735134
2019-04-02,-0.662434133224342
2019-04-03,-0.6699200239212226
2019-04-04,-0.6627511865547109
2019-04-05,-0.6641220372008774
2019-04-08,-0.6653237020379654
2019-04-09,-0.6640533889048141
2019-04-10,-0.6636992541723568
2019-04-11,-0.6593556824164892
2019-04-12,-0.6630144730492251
2019-04-15,-0.6683607017628872
2019-04-16,-0.6599100068495094
2019-04-17,-0.687455254093988
2019-04-18,-0.683823741037676
2019-04-22,-0.6807077198982996
2019-04-23,-0.668565835155551
2019-04-24,-0.6720943521045064
2019-04-25,-0.6691688486424057
2019-04-26,-0.6624305725290798
2019-04-29,-0.6612669408189942
2019-04-30,-0.6581362274373039
2019-05-01,-0.661819457703237
2019-05-02,-0.6629213709685535
2019-05-03,-0.6623072427791583
2019-05-06,-0.664512738322137
2019-05-07,-0.6647154752454774
2019-05-08,-0.6681424808073695
2019-05-09,-0.6778142774998126
2019-05-10,-0.6757359358021833
2019-05-13,-0.6724058175104344
2019-05-14,-0.6610137503558153
2019-05-15,-0.6651535597686302
2019-05-16,-0.6636906653277816
2019-05-17,-0.6731084115547983
2019-05-20,-0.6765089578708983
2019-05-21,-0.6748421395995883
2019-05-22,-0.6608409377833064
2019-05-23,-0.6561006556533875
2019-05-24,-0.657533890784884
2019-05-28,-0.6542440031917702
2019-05-29,-0.6682282836391789
2019-05-30,-0.6583578992137169
2019-05-31,-0.6563442743441255
2019-06-03,-0.6463348681089558
2019-06-04,-0.646588127103294
2019-06-05,-0.6477934953522198
2019-06-06,-0.6466861510593533
2019-06-07,-0.6554512878794552
2019-06-10,-0.6584311505163463
2019-06-11,-0.6566668240145095
2019-06-12,-0.650223549192205
2019-06-13,-0.6509646025104638
2019-06-14,-0.6459696774461734
2019-06-17,-0.6530990180000198
2019-06-18,-0.6543742453432242
2019-06-19,-0.6505259766483
2019-06-20,-0.6492078687511231
2019-06-21,-0.6499422778609403
2019-06-24,-0.6440482809732697
2019-06-25,-0.6448275506182113
2019-06-26,-0.6467821401512763
2019-06-27,-0.6430950119558951
2019-06-28,-0.6422416329350273
2019-07-01,-0.6342456968533776
2019-07-02,-0.6308774839508278
2019-07-03,-0.639539320088633
2019-07-05,-0.6325429668360907
2019-07-08,-0.6314115527058322
2019-07-09,-0.633515889505567
2019-07-10,-0.6478593328375775
2019-07-11,-0.6432048893816806
2019-07-12,-0.6341795870401334
2019-07-15,-0.6400814243079984
2019-07-16,-0.6374428498750628
2019-07-17,-0.6295089059261718
2019-07-18,-0.6330925028351602
2019-07-19,-0.6255957857399843
2019-07-22,-0.6302763763784953
2019-07-23,-0.5746307968490849
2019-07-24,-0.5737810107299381
2019-07-25,-0.5854749095827017
2019-07-26,-0.5810123033442052
2019-07-29,-0.586550375507878
2019-07-30,-0.5840576944565417
2019-07-31,-0.5851929688309143
2019-08-01,-0.5917361095845641
2019-08-02,-0.5917148735875202
2019-08-05,-0.5786622137367488
2019-08-06,-0.5820374488800724
2019-08-07,-0.5745768183763693
2019-08-08,-0.5773385193011524
2019-08-09,-0.5760653866118743
2019-08-12,-0.5783694821179353
2019-08-13,-0.5842052428063798
2019-08-14,-0.5879265620932599
2019-08-15,-0.5829904562462347
2019-08-16,-0.580437868970145
2019-08-19,-0.5810452674203059
2019-08-20,-0.5923564252263627
2019-08-21,-0.590265087712146
2019-08-22,-0.585344210299442
2019-08-23,-0.5821765509322283
2019-08-26,-0.5920207795365435
2019-08-27,-0.5958416443942984
2019-08-28,-0.591723429719325
2019-08-29,-0.5985453226029445
2019-08-30,-0.6036032176737063
2019-09-03,-0.6038773374538611
2019-09-04,-0.6068581721478332
2019-09-05,-0.6034489206514762
2019-09-06,-0.6109802995513034
2019-09-09,-0.6172822353959506
2019-09-10,-0.6157706248378014
2019-09-11,-0.6124327242348313
2019-09-12,-0.6126097736380567
2019-09-13,-0.6150526555769105
2019-09-16,-0.6098266743622034
2019-09-17,-0.610327903135846
2019-09-18,-0.6091310654555135
2019-09-19,-0.603659303163218
2019-09-20,-0.6095726489744946
2019-09-23,-0.6103769827785959
2019-09-24,-0.6068726047126716
2019-09-25,-0.6073998795458331
2019-09-26,-0.6077041245567223
2019-09-27,-0.6083476000563484
2019-09-30,-0.6162601738274756
2019-10-01,-0.6142524558621933
2019-10-02,-0.6197197841713273
2019-10-03,-0.6329955396196407
2019-10-04,-0.635900272945582
2019-10-07,-0.6352184489056181
2019-10-08,-0.63313958923779
2019-10-09,-0.6326378862615192
2019-10-10,-0.6360726964690273
2019-10-11,-0.6411044965701453
2019-10-14,-0.6398106053747066
2019-10-15,-0.6282157558766932
2019-10-16,-0.6292077124524398
2019-10-17,-0.6273148611857362
2019-10-18,-0.6042093962727644
2019-10-21,-0.6134065573739456
2019-10-22,-0.6241465068200496
2019-10-23,-0.6149808988784162
2019-10-24,-0.6185235077038835
2019-10-25,-0.6258679140140915
2019-10-28,-0.6287428220269429
2019-10-29,-0.628367696645241
2019-10-30,-0.6241197027266225
2019-10-31,-0.616921947675519
2019-11-01,-0.6250668033739624
2019-11-04,-0.6270822381370462
2019-11-05,-0.6327212181471982
2019-11-06,-0.628498450059463
2019-11-07,-0.6303693564231505
2019-11-08,-0.630565058438731
2019-11-11,-0.6324563319786263
2019-11-12,-0.6320623401950813
2019-11-13,-0.6278666316209116
2019-11-14,-0.6239584464195116
2019-11-15,-0.6265644357348124
2019-11-18,-0.6215010371696006
2019-11-19,-0.6241144920858752
2019-11-20,-0.6156862315302947
2019-11-21,-0.6217729257513516
2019-11-22,-0.6215709637991034
2019-11-25,-0.6163162894119916
2019-11-26,-0.6166160977853847
2019-11-27,-0.6171371142810762
2019-11-29,-0.6193906984219382
2019-12-02,-0.6132023969172327
2019-12-03,-0.6093729702685398
2019-12-04,-0.6129426678448633
2019-12-05,-0.614751959136401
2019-12-06,-0.6174974456952578
2019-12-09,-0.62258503145731
2019-12-10,-0.6220518132601454
2019-12-11,-0.624396905385344
2019-12-12,-0.6214276933548843
2019-12-13,-0.6214435983785043
2019-12-16,-0.6154494868302738
2019-12-17,-0.6093480762016679
2019-12-18,-0.6173871940058375
2019-12-19,-0.6132482032257442
2019-12-20,-0.611251614763269
2019-12-23,-0.6063491753971517
2019-12-24,-0.6089725759269213
2019-12-26,-0.6019529296480832
2019-12-27,-0.6017790521482955
2019-12-30,-0.5982412842209057
2019-12-31,-0.5958361535788472
2020-01-02,-0.5965180826377949
2020-01-03,-0.6006777476015772
2020-01-06,-0.6046272247747986
2020-01-07,-0.5975015954921026
2020-01-08,-0.6004697990406855
2020-01-09,-0.5830439215868757
2020-01-10,-0.577808222781417
2020-01-13,-0.5808821128203157
2020-01-14,-0.5853934490420092
2020-01-15,-0.5889171349142215
2020-01-16,-0.5895573331600694
2020-01-17,-0.5984520825380626
2020-01-21,-0.5983903992965915
2020-01-22,-0.6007052122022882
2020-01-23,-0.5986558440561716
2020-01-24,-0.5964813777391496
2020-01-27,-0.594829109264817
2020-01-28,-0.605014448636433
2020-01-29,-0.6003343448847516
2020-01-30,-0.5821745669061094
2020-01-31,-0.5781593585558804
2020-02-03,-0.5783076818649469
2020-02-04,-0.5785336237642449
2020-02-05,-0.5853997853545705
2020-02-06,-0.5832180983682296
2020-02-07,-0.5865579974509934
2020-02-10,-0.5790079223613911
2020-02-11,-0.5843858546701473
2020-02-12,-0.5874113706717186
2020-02-13,-0.5865474916346272
2020-02-14,-0.5841789952107712
2020-02-18,-0.5823109391820549
2020-02-19,-0.5778371067174009
2020-02-20,-0.5762899248968867
2020-02-21,-0.5738890939052665
2020-02-24,-0.5779676754994907
2020-02-25,-0.5820538936196531
2020-02-26,-0.5916889089831847
2020-02-27,-0.6013946395991554
2020-02-28,-0.5976684016443956
2020-03-02,-0.5918058326154751
2020-03-03,-0.5755902741677037
2020-03-04,-0.5717316787848734
2020-03-05,-0.5870843485664676
2020-03-06,-0.6078001216040829
2020-03-09,-0.6215585990631745
2020-03-10,-0.6156473862666685
2020-03-11,-0.6118774846690109
2020-03-12,-0.6033482588600867
2020-03-13,-0.6607238260887991
2020-03-16,-0.6172882566273712
2020-03-17,-0.6896806576352876
2020-03-18,-0.6890866665602502
2020-03-19,-0.7306497871867115
2020-03-20,-0.7051537114955346
2020-03-23,-0.7358610256533415
2020-03-24,-0.7608682026275004
2020-03-25,-0.6964724079923013
2020-03-26,-0.6965253148994033
2020-03-27,-0.7320688170348246
2020-03-30,-0.7204166826829024
2020-03-31,-0.6961819361323118
2020-04-01,-0.7299458754753281
2020-04-02,-0.7318565249476254
2020-04-03,-0.7400942022343893
2020-04-06,-0.7254408703355071
2020-04-07,-0.724006845224924
2020-04-08,-0.7113955189189411
2020-04-09,-0.6941958827112842
2020-04-13,-0.7179552450077185
2020-04-14,-0.7286780687989189
2020-04-15,-0.732734360091158
2020-04-16,-0.7477250998637648
2020-04-17,-0.7406443715453097
2020-04-20,-0.7523445384100316
2020-04-21,-0.7518988042413977
2020-04-22,-0.7572498983127454
2020-04-23,-0.7538766325234754
2020-04-24,-0.7749455493976356
2020-04-27,-0.7463589780460103
2020-04-28,-0.7600815091665645
2020-04-29,-0.7314239379246676
2020-04-30,-0.7503295011365108
2020-05-01,-0.7413229561639354
2020-05-04,-0.7570583730858491
2020-05-05,-0.7566650321523922
2020-05-06,-0.764733666572639
2020-05-07,-0.7735894909796479
2020-05-08,-0.7591819563326276
2020-05-11,-0.7726665898945577
2020-05-12,-0.7785126026750877
2020-05-13,-0.7984833383803189
2020-05-14,-0.8048049507080441
2020-05-15,-0.834908287724311
2020-05-18,-0.7931735379320348
2020-05-19,-0.7762161142516759
2020-05-20,-0.7430090633647355
2020-05-21,-0.7513007526009599
2020-05-22,-0.7563450114636572
2020-05-26,-0.7278235647573252
2020-05-27,-0.7216534778669437
2020-05-28,-0.7245159847209921
2020-05-29,-0.7280074858726429
2020-06-01,-0.7315847291728335
2020-06-02,-0.7309631425982572
2020-06-03,-0.7112058206913692
2020-06-04,-0.7020289746189978
2020-06-05,-0.6912243912811404
2020-06-08,-0.674233229486906
2020-06-09,-0.6968000698902115
2020-06-10,-0.7127199689495134
2020-06-11,-0.7331809693402396
2020-06-12,-0.7312802403224521
2020-06-15,-0.7267298105681079
2020-06-16,-0.7251327856892562
2020-06-17,-0.7298433492670338
2020-06-18,-0.7283024165963878
2020-06-19,-0.7385206837924385
2020-06-22,-0.7429812529224873
2020-06-23,-0.7473824979403445
2020-06-24,-0.7563906185317526
2020-06-25,-0.7634174230563162
2020-06-26,-0.7763108151688907
2020-06-29,-0.7738306553151886
2020-06-30,-0.7750358517844642
2020-07-01,-0.7726152830608526
2020-07-02,-0.7747383673219859
2020-07-06,-0.7701370106477299
2020-07-07,-0.7724746466602568
2020-07-08,-0.7801227726516151
2020-07-09,-0.795601153756873
2020-07-10,-0.7800224323804046
2020-07-13,-0.7809392310562595
2020-07-14,-0.771555648850109
2020-07-15,-0.7473343830645658
2020-07-16,-0.7540668774305685
2020-07-17,-0.7450941607092214
2020-07-20,-0.7493151951225587
2020-07-21,-0.7354099766330546
2020-07-22,-0.7195957800877735
2020-07-23,-0.7310692143911464
2020-07-24,-0.7197339526510187
2020-07-27,-0.7309575564030761
2020-07-28,-0.7351899835626918
2020-07-29,-0.7422585049041812
2020-07-30,-0.7475232170661541
2020-07-31,-0.7567996481659298
2020-08-03,-0.7703443731984208
2020-08-04,-0.7672172631026246
2020-08-05,-0.7475807600301727
2020-08-06,-0.7394053905699169
2020-08-07,-0.7387351690231165
2020-08-10,-0.7351900404249556
2020-08-11,-0.7248566705060311
2020-08-12,-0.732873302743124
2020-08-13,-0.7359431936824308
2020-08-14,-0.730827881276289
2020-08-17,-0.7382414479746475
2020-08-18,-0.7351842759872449
2020-08-19,-0.7457828153206756
2020-08-20,-0.7480567479086657
2020-08-21,-0.7477535420139416
2020-08-24,-0.7413287853179109
2020-08-25,-0.7402641788084932
2020-08-26,-0.7430067611240818
2020-08-27,-0.7410806949518354
2020-08-28,-0.7188083911389533
2020-08-31,-0.7256498473839303
2020-09-01,-0.7281263364011292
2020-09-02,-0.7140376258948296
2020-09-03,-0.7087362599980525
2020-09-04,-0.6935956722201748
2020-09-08,-0.6960692138733093
2020-09-09,-0.6991861804830255
2020-09-10,-0.686787427178638
2020-09-11,-0.6730781768371306
2020-09-14,-0.6778064859693704
2020-09-15,-0.6639004346986281
2020-09-16,-0.6645759591654592
2020-09-17,-0.6568802391104365
2020-09-18,-0.6466164313810339
2020-09-21,-0.6723042309528986
2020-09-22,-0.6672314158377084
2020-09-23,-0.688679011861367
2020-09-24,-0.6827035473061658
2020-09-25,-0.6962112923933801
2020-09-28,-0.7152776498807731
2020-09-29,-0.717095022793174
2020-09-30,-0.7177197802556154
2020-10-01,-0.7363252764546977
2020-10-02,-0.7142660425630192
2020-10-05,-0.7129785499350021
2020-10-06,-0.7066633737788073
2020-10-07,-0.7030719820932614
2020-10-08,-0.6907999380790923
2020-10-09,-0.6878875958038955
2020-10-12,-0.70702849519791
2020-10-13,-0.733448965281708
2020-10-14,-0.7287635021220478
2020-10-15,-0.7241700272458234
2020-10-16,-0.7253546375631035
2020-10-19,-0.7199381718995133
2020-10-20,-0.7075225915255303
2020-10-21,-0.7119723758793004
2020-10-22,-0.6983314410716299
2020-10-23,-0.7011578681017978
2020-10-26,-0.7053914664468204
2020-10-27,-0.7105485164090259
2020-10-28,-0.7162715127508794
2020-10-29,-0.7137638159409785
2020-10-30,-0.7080254005713282
2020-11-02,-0.7094198693406217
2020-11-03,-0.7075237734668129
2020-11-04,-0.7167649116511607
2020-11-05,-0.712578893961993
2020-11-06,-0.7146126791182388
2020-11-09,-0.6539027384908054
2020-11-10,-0.6492978304099148
2020-11-11,-0.6710328636771963
2020-11-12,-0.6813373838530437
2020-11-13,-0.6787192701795908
2020-11-16,-0.6780340266519236
2020-11-17,-0.6778488808342398
2020-11-18,-0.6859116095875679
2020-11-19,-0.6756842861201116
2020-11-20,-0.6850334491189227
2020-11-23,-0.6822276974877717
2020-11-24,-0.6786198516949375
2020-11-25,-0.6849288822502411
2020-11-27,-0.6921383178267084
2020-11-30,-0.7030216410932457
2020-12-01,-0.706404118622916
2020-12-02,-0.6957157566543604
2020-12-03,-0.6884871933862362
2020-12-04,-0.6774504440934113
2020-12-07,-0.6904621300883882
2020-12-08,-0.6878494699513618
2020-12-09,-0.6861259162046114
2020-12-10,-0.6848099790040973
2020-12-11,-0.6811111389726352
2020-12-14,-0.6778184928279756
2020-12-15,-0.6706754104229802
2020-12-16,-0.6860446636249526
2020-12-17,-0.6873801057403841
2020-12-18,-0.6864047060164453
2020-12-21,-0.6940582523724874
2020-12-22,-0.6860741501814211
2020-12-23,-0.6825600142482822
2020-12-24,-0.6800068187070578
2020-12-28,-0.6784923131318257
2020-12-29,-0.6822922272558141
2020-12-30,-0.6758823681206336
2020-12-31,-0.6748348540621634
2021-01-04,-0.6876985229294239
2021-01-05,-0.7015400517682413
2021-01-06,-0.7223426964220172
2021-01-07,-0.7304705424924887
2021-01-08,-0.7194745406207042
2021-01-11,-0.7231765918350517
2021-01-12,-0.7206108461582641
2021-01-13,-0.7272638323633727
2021-01-14,-0.740511071746877
2021-01-15,-0.7488872947465062
2021-01-19,-0.7572239119907591
2021-01-20,-0.748900393710036
2021-01-21,-0.731901552611002
2021-01-22,-0.7344756388673463
2021-01-25,-0.7391964751577103
2021-01-26,-0.739557244362504
2021-01-27,-0.7299268119690665
2021-01-28,-0.7250024169647014
2021-01-29,-0.7277608558756743
2021-02-01,-0.723738288089534
2021-02-02,-0.7234090528816028
2021-02-03,-0.7248579352280919
2021-02-04,-0.7311456574720885
2021-02-05,-0.7267156147113436
2021-02-08,-0.717564349990869
2021-02-09,-0.7166290083663198
2021-02-10,-0.7058086519681663
2021-02-11,-0.6730398356373861
2021-02-12,-0.65765192061777
2021-02-16,-0.6695336529214972
2021-02-17,-0.6728794742100548
2021-02-18,-0.6665109685049715
2021-02-19,-0.6595968303956914
2021-02-22,-0.6455904052060286
2021-02-23,-0.6529587909799042
2021-02-24,-0.6447207957611791
2021-02-25,-0.6404893605049828
2021-02-26,-0.658436658500074
2021-03-01,-0.6503415134733759
2021-03-02,-0.6495628291373579
2021-03-03,-0.6380676538454364
2021-03-04,-0.6440657607509372
2021-03-05,-0.6572343401726095
2021-03-08,-0.6342794550761197
2021-03-09,-0.6503496070838404
2021-03-10,-0.6483819553052603
2021-03-11,-0.6568009021925203
2021-03-12,-0.6575182258381789
2021-03-15,-0.6442313830116437
2021-03-16,-0.6473889325192146
2021-03-17,-0.6442693297424475
2021-03-18,-0.6497597380467095
2021-03-19,-0.6588441590803407
2021-03-22,-0.677813331155682
2021-03-23,-0.6814106518989731
2021-03-24,-0.6745084073640326
2021-03-25,-0.6703664184940199
2021-03-26,-0.671317248214105
2021-03-29,-0.6699078600326809
2021-03-30,-0.6681946392187736
2021-03-31,-0.6693181868605431
2021-04-01,-0.6719936419163974
2021-04-05,-0.6786774027660614
2021-04-06,-0.6748377915325259
2021-04-07,-0.6714509888731137
2021-04-08,-0.6687593756700059
2021-04-09,-0.6678278711333285
2021-04-12,-0.6675873946959756
2021-04-13,-0.6726695046586904
2021-04-14,-0.6666830566438557
2021-04-15,-0.6633015800342701
2021-04-16,-0.6688569394457469
2021-04-19,-0.6667382504793093
2021-04-20,-0.6697862679259345
2021-04-21,-0.6698237959868449
2021-04-22,-0.6671254169412744
2021-04-23,-0.66503417051173
2021-04-26,-0.6640175667863955
2021-04-27,-0.6624338155160641
2021-04-28,-0.6552735582710891
2021-04-29,-0.6566795055182668
2021-04-30,-0.663283472665483
2021-05-03,-0.6645935907723528
2021-05-04,-0.6590237126491405
2021-05-05,-0.6611572461768245
2021-05-06,-0.6620143011748643
2021-05-07,-0.6625640653027456
2021-05-10,-0.6626871410017015
2021-05-11,-0.6666351573014704
2021-05-12,-0.6626274259120328
2021-05-13,-0.6677613889314729
2021-05-14,-0.6651407911264542
2021-05-17,-0.6640988518823012
2021-05-18,-0.6653665815675622
2021-05-19,-0.6679848072274992
2021-05-20,-0.6706833686756171
2021-05-21,-0.6704052385585766
2021-05-24,-0.6718783274426943
2021-05-25,-0.6749069672616339
2021-05-26,-0.6705360918717038
2021-05-27,-0.6508384762064265
2021-05-28,-0.6635461108733378
2021-06-01,-0.6617625302730743
2021-06-02,-0.6615260816724513
2021-06-03,-0.6623423888371462
2021-06-04,-0.6526942097896247
2021-06-07,-0.6556861851557976
2021-06-08,-0.6538811066204846
2021-06-09,-0.6552114685775998
2021-06-10,-0.6570579318167487
2021-06-11,-0.6531668111842408
2021-06-14,-0.6621455581825448
2021-06-15,-0.6647315173651167
2021-06-16,-0.6688011238081999
2021-06-17,-0.6726896461685725
2021-06-18,-0.6746425547514883
2021-06-21,-0.6710431759125091
2021-06-22,-0.6687753378996399
2021-06-23,-0.6644765749269772
2021-06-24,-0.6647866358349601
2021-06-25,-0.6708200079670044
2021-06-28,-0.6759466979367525
2021-06-29,-0.6827087236085934
2021-06-30,-0.6858847654700013
2021-07-01,-0.6888501803808618
2021-07-02,-0.6892580625289182
2021-07-06,-0.6961930339029325
2021-07-07,-0.6921955546573453
2021-07-08,-0.696137110030389
2021-07-09,-0.6876813814657212
2021-07-12,-0.6875017806227817
2021-07-13,-0.699005130282961
2021-07-14,-0.686342430520479
2021-07-15,-0.6874411687015485
2021-07-16,-0.6915824877305123
2021-07-19,-0.7034130925759428
2021-07-20,-0.7017404223033505
2021-07-21,-0.6854343803704559
2021-07-22,-0.6865480600354235
2021-07-23,-0.6889639035202295
2021-07-26,-0.6874314509855171
2021-07-27,-0.6891058502140956
2021-07-28,-0.6895908296053808
2021-07-29,-0.6860550666289194
2021-07-30,-0.6872418497820023
2021-08-02,-0.6861086555677418
2021-08-03,-0.6875002912993424
2021-08-04,-0.6862165097910458
2021-08-05,-0.6806907125323232
2021-08-06,-0.6783375384396768
2021-08-09,-0.6782824948706994
2021-08-10,-0.676123397627987
2021-08-11,-0.6810488294880592
2021-08-12,-0.6792925607379803
2021-08-13,-0.6811714332669592
2021-08-16,-0.6859232939899433
2021-08-17,-0.6885194083143222
2021-08-18,-0.692571686711549
2021-08-19,-0.7018501298924336
2021-08-20,-0.7024210344161279
2021-08-23,-0.7029962947000428
2021-08-24,-0.698942425266667
2021-08-25,-0.6937169156245178
2021-08-26,-0.6997681829697884
2021-08-27,-0.6996654988419246
2021-08-30,-0.6965720749335031
2021-08-31,-0.6965992942583821
2021-09-01,-0.698932431690305
2021-09-02,-0.6982087576814737
2021-09-03,-0.699748768314234
2021-09-07,-0.703221984951973
2021-09-08,-0.7030192875347665
2021-09-09,-0.7070596410079721
2021-09-10,-0.7099198587278406
2021-09-13,-0.7034876291983778
2021-09-14,-0.6990941158603348
2021-09-15,-0.7009254528300422
2021-09-16,-0.7076897518282501
2021-09-17,-0.7156182039703345
2021-09-20,-0.719457251531058
2021-09-21,-0.7192153556684246
2021-09-22,-0.7205995673977243
2021-09-23,-0.7229926579206607
2021-09-24,-0.726197548667312
2021-09-27,-0.7223744850776179
2021-09-28,-0.7303359498303417
2021-09-29,-0.7319934283514344
2021-09-30,-0.7295937357060187
2021-10-01,-0.7225228558465879
2021-10-04,-0.7184237036037788
2021-10-05,-0.7222599025158449
2021-10-06,-0.7341479517701166
2021-10-07,-0.7395908447994901
2021-10-08,-0.7329883116788976
2021-10-11,-0.7322172771434068
2021-10-12,-0.7363445492533436
2021-10-13,-0.7424646334773333
2021-10-14,-0.7431647475645904
2021-10-15,-0.7428979734145202
2021-10-18,-0.7486037454961387
2021-10-19,-0.7565508061163184
2021-10-20,-0.7547770890941092
2021-10-21,-0.7474667552842065
2021-10-22,-0.750265106884572
2021-10-25,-0.7499123780725543
2021-10-26,-0.7568972536329386
2021-10-27,-0.7345440168834978
2021-10-28,-0.7310928971172084
2021-10-29,-0.7251056402478002
2021-11-01,-0.7266874183795671
2021-11-02,-0.7364907536052447
2021-11-03,-0.7420446155212859
2021-11-04,-0.7366093629053045
2021-11-05,-0.7419620792519432
2021-11-08,-0.7306135079332963
2021-11-09,-0.7339834903710156
2021-11-10,-0.7329510928471024
2021-11-11,-0.7248591072135939
2021-11-12,-0.7269226505170479
2021-11-15,-0.7333449093216959
2021-11-16,-0.7376286422088061
2021-11-17,-0.7435017512945916
2021-11-18,-0.7527715098090626
2021-11-19,-0.7600701130164249
2021-11-22,-0.7558635182691003
2021-11-23,-0.7547547108868904
2021-11-24,-0.7542427620179373
2021-11-26,-0.7704014909473673
2021-11-29,-0.7719812859866129
2021-11-30,-0.7788497775425864
2021-12-01,-0.7839385196124518
2021-12-02,-0.7783163471770425
2021-12-03,-0.793049131138511
2021-12-06,-0.777456055833393
2021-12-07,-0.7709373952536285
2021-12-08,-0.7763807481469471
2021-12-09,-0.7777472663327027
2021-12-10,-0.7670540033250197
2021-12-13,-0.7457410093880852
2021-12-14,-0.7427296178758009
2021-12-15,-0.7502175151139032
2021-12-16,-0.7414709129081434
2021-12-17,-0.7378953060417377
2021-12-20,-0.7474037616391374
2021-12-21,-0.7406465431145537
2021-12-22,-0.7393783260854003
2021-12-23,-0.7376431603227149
2021-12-27,-0.7395611019675883
2021-12-28,-0.7404960192971299
2021-12-29,-0.7426162913125043
2021-12-30,-0.7438785613975845
2021-12-31,-0.7422138690530851
2022-01-03,-0.7367509762085005
2022-01-04,-0.721546302925506
2022-01-05,-0.7164720477792099
2022-01-06,-0.7219656279227551
2022-01-07,-0.7254675975710714
2022-01-10,-0.7242955613780842
2022-01-11,-0.7235341775389577
2022-01-12,-0.7210237173362208
2022-01-13,-0.7166016032562492
2022-01-14,-0.7164056076226064
2022-01-18,-0.7154177074315458
2022-01-19,-0.7204830140754961
2022-01-20,-0.717776444785474
2022-01-21,-0.7242335283601609
2022-01-24,-0.7275752792676866
2022-01-25,-0.7190981552659901
2022-01-26,-0.7128366140290932
2022-01-27,-0.7111135401111963
2022-01-28,-0.709432822266109
2022-01-31,-0.7112417231944286
2022-02-01,-0.7122539788105131
2022-02-02,-0.7189253320337015
2022-02-03,-0.7113874284009216
2022-02-04,-0.7064856722446642
2022-02-07,-0.692341831645495
2022-02-08,-0.6870136078708349
2022-02-09,-0.7021829395061778
2022-02-10,-0.6769774580848726
2022-02-11,-0.6960626094700029
2022-02-14,-0.679111766938048
2022-02-15,-0.6711617522549327
2022-02-16,-0.6732423556344198
2022-02-17,-0.6559388850062002
2022-02-18,-0.6545768508162513
2022-02-22,-0.6623101320873923
2022-02-23,-0.6641701535026323
2022-02-24,-0.6654235425815909
2022-02-25,-0.653366356625865
2022-02-28,-0.636948087072863
2022-03-01,-0.6328500195622975
2022-03-02,-0.6383513964694671
2022-03-03,-0.6367075073759554
2022-03-04,-0.6492273228013903
2022-03-07,-0.6544938825441204
2022-03-08,-0.6681360864543686
2022-03-09,-0.6602422268942094
2022-03-10,-0.6613737553002617
2022-03-11,-0.6559429600737494
2022-03-14,-0.6507377004267112
2022-03-15,-0.6509571562322098
2022-03-16,-0.6577585906936303
2022-03-17,-0.6544631939325423
2022-03-18,-0.6650008784700079
2022-03-21,-0.6557218553404138
2022-03-22,-0.6622964262919075
2022-03-23,-0.6639827681368011
2022-03-24,-0.6600808194721055
2022-03-25,-0.6554762283826774
2022-03-28,-0.6519310765049529
2022-03-29,-0.6618621923879022
2022-03-30,-0.6597767772844159
2022-03-31,-0.6599182890350397
2022-04-01,-0.6592067114488751
2022-04-04,-0.662039094147338
2022-04-05,-0.6641539558696357
2022-04-06,-0.6699536388982938
2022-04-07,-0.6654487318635995
2022-04-08,-0.6624626540795298
2022-04-11,-0.6599047380955723
2022-04-12,-0.6520103270952857
2022-04-13,-0.6477578462156846
2022-04-14,-0.6373134781829473
2022-04-18,-0.6381754740622005
2022-04-19,-0.6419776865290352
2022-04-20,-0.6422111221142544
2022-04-21,-0.635059497231719
2022-04-22,-0.6351434346052001
2022-04-25,-0.6332347747013776
2022-04-26,-0.6444490909700153
2022-04-27,-0.644978864190386
2022-04-28,-0.6495031271433831
2022-04-29,-0.6426033898705006
2022-05-02,-0.6390816749809787
2022-05-03,-0.6460559109064006
2022-05-04,-0.6477780779602282
2022-05-05,-0.6369248002289485
2022-05-06,-0.6334761863905092
2022-05-09,-0.642548528755694
2022-05-10,-0.6507326558854167
2022-05-11,-0.6415128885789976
2022-05-12,-0.6369797911313775
2022-05-13,-0.6364688492627728
2022-05-16,-0.6422111221142544
2022-05-17,-0.6395373598198502
2022-05-18,-0.651798276480891
2022-05-19,-0.6574737891672076
2022-05-20,-0.6471220744794226
2022-05-23,-0.6361292790753845
2022-05-24,-0.6303160564289296
2022-05-25,-0.6359311216467631
2022-05-26,-0.6386450403626451
2022-05-27,-0.6418479634066809
2022-05-31,-0.6399720710896624
2022-06-01,-0.6378141454862716
2022-06-02,-0.6349638745271715
2022-06-03,-0.6366212412734855
2022-06-06,-0.6421223027266976
2022-06-07,-0.6418497559830758
2022-06-08,-0.6428787687356081
2022-06-09,-0.643541469586749
2022-06-10,-0.6483751744560404
2022-06-13,-0.633356617943166
2022-06-14,-0.6396931419512941
2022-06-15,-0.6422571866283002
2022-06-16,-0.6478410778275281
2022-06-17,-0.6419441280787197
2022-06-21,-0.6423160885397139
2022-06-22,-0.6425909098637494
2022-06-23,-0.6426129951023576
2022-06-24,-0.6355553658318387
2022-06-27,-0.6388591628403839
2022-06-28,-0.6356557551033131
2022-06-29,-0.6438611478904495
2022-06-30,-0.6406027359220827
2022-07-01,-0.6327220967729641
2022-07-05,-0.6478523579203843
2022-07-06,-0.6551187238668996
2022-07-07,-0.6611677275317058
2022-07-08,-0.6658377689248187
2022-07-11,-0.6612956948244841
2022-07-12,-0.6602503428926099
2022-07-13,-0.6681978804508333
2022-07-14,-0.6762416783361491
2022-07-15,-0.6718750440888401
2022-07-18,-0.6697830272807423
2022-07-19,-0.6655758309720605
2022-07-20,-0.6722191420318153
2022-07-21,-0.6758884709527373
2022-07-22,-0.6782412953780566
2022-07-25,-0.6698708407681897
2022-07-26,-0.6644572112366571
2022-07-27,-0.6663170646759706
2022-07-28,-0.6673636428971506
2022-07-29,-0.666290538568866
2022-08-01,-0.6714437295458691
2022-08-02,-0.6774170055966309
2022-08-03,-0.680151048057148
2022-08-04,-0.6789714608875244
2022-08-05,-0.6764805614630225
2022-08-08,-0.6792072269531815
2022-08-09,-0.6814326346488553
2022-08-10,-0.6796581354095261
2022-08-11,-0.681633608505579
2022-08-12,-0.6862434916245022
2022-08-15,-0.6840052340541707
2022-08-16,-0.6812391417326946
2022-08-17,-0.6830289150528035
2022-08-18,-0.6787371367128792
2022-08-19,-0.6783093057835812
2022-08-22,-0.6843214968509095
2022-08-23,-0.6828115389893563
2022-08-24,-0.6860737490328948
2022-08-25,-0.6813208734557978
2022-08-26,-0.6833749902717416
2022-08-29,-0.686467140676938
2022-08-30,-0.6876704038709551
2022-08-31,-0.6908690537388495
2022-09-01,-0.6956016221286143
2022-09-02,-0.6974638957398978
2022-09-06,-0.6906408349137081
2022-09-07,-0.6927788132594657
2022-09-08,-0.6926918117538747
2022-09-09,-0.6924559454834736
2022-09-12,-0.6932412026686192
2022-09-13,-0.690638934634654
2022-09-14,-0.6924388614289789
2022-09-15,-0.6904424599685672
2022-09-16,-0.6964084548484801
2022-09-19,-0.698699527286573
2022-09-20,-0.7012549881202537
2022-09-21,-0.7069720091583314
2022-09-22,-0.7102210153486292
2022-09-23,-0.720976215371735
2022-09-26,-0.7331230076312054
2022-09-27,-0.7455420486129642
2022-09-28,-0.749844008796134
2022-09-29,-0.7455566959980446
2022-09-30,-0.7363032736053974
2022-10-03,-0.7364669673202395
2022-10-04,-0.7446578141933502
2022-10-05,-0.7479718887836242
2022-10-06,-0.7514912267466505
2022-10-07,-0.7541143974566138
2022-10-10,-0.757534368120552
2022-10-11,-0.7603271971587131
2022-10-12,-0.7866582583206005
2022-10-13,-0.801931790660539
2022-10-14,-0.7939770452988211
2022-10-17,-0.7950204529291849
2022-10-18,-0.7941921482751804
2022-10-19,-0.793593614755038
2022-10-20,-0.7991228880531658
2022-10-21,-0.7919715108686067
2022-10-24,-0.7882817328329472
2022-10-25,-0.7676983356387495
2022-10-26,-0.7644558648426085
2022-10-27,-0.7611067326872538
2022-10-28,-0.7580332003431414
2022-10-31,-0.7697765831637864
2022-11-01,-0.7690524318016165
2022-11-02,-0.769918610289023
2022-11-03,-0.7680086284627787
2022-11-04,-0.765128846552964
2022-11-07,-0.7687167832562647
2022-11-08,-0.7694643274299144
2022-11-09,-0.7722264753155286
2022-11-10,-0.7533321339632701
2022-11-11,-0.7271256883595711
2022-11-14,-0.7298243008643075
2022-11-15,-0.733906840376167
2022-11-16,-0.7417292143127057
2022-11-17,-0.7474806620354801
2022-11-18,-0.7471616208969665
2022-11-21,-0.7497581365092332
2022-11-22,-0.7455200250198066
2022-11-23,-0.7422542333817992
2022-11-25,-0.7363753704826443
2022-11-28,-0.7350959546182274
2022-11-29,-0.7319661290441086
2022-11-30,-0.721834341375887
2022-12-01,-0.7267993764747347
2022-12-02,-0.7170002835584803
2022-12-05,-0.7177169932000984
2022-12-06,-0.7105381579788626
2022-12-07,-0.711794615800124
2022-12-08,-0.7157443000375405
2022-12-09,-0.7228278727946886
2022-12-12,-0.7142074748912259
2022-12-13,-0.7133856924614417
2022-12-14,-0.7107843722535039
2022-12-15,-0.7086103152209882
2022-12-16,-0.7147987551841721
2022-12-19,-0.7185445769692533
2022-12-20,-0.7187720841470897
2022-12-21,-0.7093549613557517
2022-12-22,-0.7093271790673263
2022-12-23,-0.7078091944897453
2022-12-27,-0.7058697769615776
2022-12-28,-0.7091098848310837
2022-12-29,-0.7043340870539669
2022-12-30,-0.7028468079661305
2023-01-03,-0.7067741525388103
2023-01-04,-0.7049510943539072
2023-01-05,-0.7066229085653255
2023-01-06,-0.7084319049294816
2023-01-09,-0.7117723466462458
2023-01-10,-0.7117066452432068
2023-01-11,-0.7146926776020015
2023-01-12,-0.7156606294177594
2023-01-13,-0.7091910529801639
2023-01-17,-0.7095018051828612
2023-01-18,-0.7163666117716896
2023-01-19,-0.7069497389895241
2023-01-20,-0.7023188202566368
2023-01-23,-0.6956259873162103
2023-01-24,-0.6989814548279845
2023-01-25,-0.6995043157467133
2023-01-26,-0.6921141934451382
2023-01-27,-0.6940833127381425
2023-01-30,-0.6908333116723018
2023-01-31,-0.6881538201435102
2023-02-01,-0.6909433130706715
2023-02-02,-0.6994916175195134
2023-02-03,-0.7022891524401134
2023-02-06,-0.7114567700269716
2023-02-07,-0.7117018081097943
2023-02-08,-0.7153592157360529
2023-02-09,-0.7258580706315194
2023-02-10,-0.7442153707461121
2023-02-13,-0.7362193201463128
2023-02-14,-0.7424299508999836
2023-02-15,-0.7437080553117066
2023-02-16,-0.7472721753267924
2023-02-17,-0.7362887252307524
2023-02-21,-0.7410940023726651
2023-02-22,-0.7377696099163469
2023-02-23,-0.73694723958622
2023-02-24,-0.739255361115192
2023-02-27,-0.739323290488036
2023-02-28,-0.7317609556945217
2023-03-01,-0.7307943619982096
2023-03-02,-0.7334119901847154
2023-03-03,-0.7371926274276177
2023-03-06,-0.7237244576981712
2023-03-07,-0.7248860374798007
2023-03-08,-0.726932630347012
2023-03-09,-0.7295252720144938
2023-03-10,-0.7349916742962774
2023-03-13,-0.7340112879658469
2023-03-14,-0.7293686082051809
2023-03-15,-0.7393108140994555
2023-03-16,-0.7331866180577484
2023-03-17,-0.7304899213491063
2023-03-20,-0.7339370670007979
2023-03-21,-0.740780343717689
2023-03-22,-0.7373411970012254
2023-03-23,-0.7349343239506774
2023-03-24,-0.7368761318265467
2023-03-27,-0.7316036257099556
2023-03-28,-0.7301500988664094
2023-03-29,-0.7294620980697433
2023-03-30,-0.7304528330585853
2023-03-31,-0.7351294519489819
2023-04-03,-0.7302092447983659
2023-04-04,-0.7299170626288705
2023-04-05,-0.7296514240255956
2023-04-06,-0.7326795586888215
2023-04-10,-0.7291580442445866
2023-04-11,-0.7294815296251285
2023-04-12,-0.7258804898183104
2023-04-13,-0.7278601480045772
2023-04-14,-0.725015263544396
2023-04-17,-0.7233190119785462
2023-04-18,-0.723671501973099
2023-04-19,-0.7212281513229817
2023-04-20,-0.7199281833957603
2023-04-21,-0.7189265833465237
2023-04-24,-0.7209434417240459
2023-04-25,-0.743526494418461
2023-04-26,-0.7424420268080674
2023-04-27,-0.7460937430657744
2023-04-28,-0.7446463138946422
2023-05-01,-0.7461787335596117
2023-05-02,-0.7534799445323275
2023-05-03,-0.7587788980429968
2023-05-04,-0.7635097448455594
2023-05-05,-0.7631133683470503
2023-05-08,-0.7602305463393337
2023-05-09,-0.7723756377634619
2023-05-10,-0.7712689542689422
2023-05-11,-0.7707595628681156
2023-05-12,-0.7705847989257268
2023-05-15,-0.7643636714311288
2023-05-16,-0.7716294182916181
2023-05-17,-0.7660804731389712
2023-05-18,-0.7691968225447443
2023-05-19,-0.7700870961054029
2023-05-22,-0.7655834444733491
2023-05-23,-0.764508456199823
2023-05-24,-0.7670554103792337
2023-05-25,-0.7692676938008742
2023-05-26,-0.7706319691836523
2023-05-30,-0.7685247246546245
2023-05-31,-0.7743429114173073
2023-06-01,-0.7743576784204844
2023-06-02,-0.7647724414273567
2023-06-05,-0.7721600681185814
2023-06-06,-0.7659598795088578
2023-06-07,-0.7599437072179156
2023-06-08,-0.7677471311637931
2023-06-09,-0.7673768946794324
2023-06-12,-0.7693715608922469
2023-06-13,-0.7635382353290403
2023-06-14,-0.7651501563571959
2023-06-15,-0.7644002568494388
2023-06-16,-0.7589025307958392
2023-06-20,-0.7618907364321945
2023-06-21,-0.7597257252903624
2023-06-22,-0.76255977605787
2023-06-23,-0.7667040453781571
2023-06-26,-0.7604187300973475
2023-06-27,-0.7692575635582806
2023-06-28,-0.7658714266681494
2023-06-29,-0.7750847120514397
2023-06-30,-0.7785584451856957
2023-07-03,-0.7745178570666464
2023-07-05,-0.772049170735845
2023-07-06,-0.7798804406937414
2023-07-07,-0.775342285574887
2023-07-10,-0.7891211907534568
2023-07-11,-0.7839594942160906
2023-07-12,-0.7744649895147995
2023-07-13,-0.7880102108920974
2023-07-14,-0.782327760788462
2023-07-17,-0.7708796191810547
2023-07-18,-0.7688616711490175
2023-07-19,-0.7604957691130529
2023-07-20,-0.7635645944702816
2023-07-21,-0.7670088268932398
2023-07-24,-0.7704238444610159
2023-07-25,-0.7759478014063488
2023-07-26,-0.7643521004887104
2023-07-27,-0.7589460413005726
2023-07-28,-0.7671065066019525
2023-07-31,-0.7618168875737954
2023-08-01,-0.761200910014356
2023-08-02,-0.7655696365020557
2023-08-03,-0.7648101878741684
2023-08-04,-0.7673143769671977
2023-08-07,-0.7709856858568003
2023-08-08,-0.7630490290445486
2023-08-09,-0.7584147261602849
2023-08-10,-0.7595388428865233
2023-08-11,-0.7569202578087113
2023-08-14,-0.7595327550995883
2023-08-15,-0.7546395554665244
2023-08-16,-0.7537510093162698
2023-08-17,-0.7372293246613726
2023-08-18,-0.7302170454415764
2023-08-21,-0.7328267661280732
2023-08-22,-0.7317998033858508
2023-08-23,-0.7411209435090997
2023-08-24,-0.7388237701444407
2023-08-25,-0.7459426162124698
2023-08-28,-0.7474540944773516
2023-08-29,-0.7519717972305839
2023-08-30,-0.753244018520987
2023-08-31,-0.7539618032089397
2023-09-01,-0.7489038745935166
2023-09-05,-0.7509822853449184
2023-09-06,-0.7547229046883173
2023-09-07,-0.7713169031916043
2023-09-08,-0.7706265539571695
2023-09-11,-0.7752688265360477
2023-09-12,-0.781707390567143
2023-09-13,-0.7866874069427867
2023-09-14,-0.7864874855378008
2023-09-15,-0.7882111680119643
2023-09-18,-0.7796182500459006
2023-09-19,-0.77612838201662
2023-09-20,-0.7719844367355178
2023-09-21,-0.7716193496593196
2023-09-22,-0.7699894875485773
2023-09-25,-0.7754243240551912
2023-09-26,-0.7739293916470915
2023-09-27,-0.7680890757903565
2023-09-28,-0.7702078270411081
2023-09-29,-0.7668349452893497
2023-10-02,-0.7743130226766737
2023-10-03,-0.7770127893170731
2023-10-04,-0.7808350434158147
2023-10-05,-0.7802010173405374
2023-10-06,-0.7669068864742639
2023-10-09,-0.7780427318053427
2023-10-10,-0.7740088222399959
2023-10-11,-0.7697534216607975
2023-10-12,-0.7601332191852097
2023-10-13,-0.7699264731787498
2023-10-16,-0.7660687142790423
2023-10-17,-0.7500242471521492
2023-10-18,-0.760039070019257
2023-10-19,-0.7459684873369077
2023-10-20,-0.7386564852282347
2023-10-23,-0.7481440173699716
2023-10-24,-0.7319704734610717
2023-10-25,-0.7243041421194287
2023-10-26,-0.7249426009884914
2023-10-27,-0.7242264244035743
2023-10-30,-0.7233656503960328
2023-10-31,-0.7230823522100933
2023-11-01,-0.7330439853793767
2023-11-02,-0.7326614058851861
2023-11-03,-0.7385862404037469
2023-11-06,-0.7340356548431406
2023-11-07,-0.7330490126658877
2023-11-08,-0.7358000520656152
2023-11-09,-0.7364530765984401
2023-11-10,-0.7396687008373477
2023-11-13,-0.7407303497643318
2023-11-14,-0.7396445073227902
2023-11-15,-0.7329166735720238
2023-11-16,-0.736538247120853
2023-11-17,-0.7292951576926598
2023-11-20,-0.7255041375670794
2023-11-21,-0.7217601427106599
2023-11-22,-0.7229540287579757
2023-11-24,-0.7212196735776883
2023-11-27,-0.7172754289283385
2023-11-28,-0.7182245579326998
2023-11-29,-0.7147406301474222
2023-11-30,-0.7166340085047489
2023-12-01,-0.715440732655586
2023-12-04,-0.7191306027698907
2023-12-05,-0.7109266381193202
2023-12-06,-0.7095489750428996
2023-12-07,-0.7068830350443629
2023-12-08,-0.699090216457297
2023-12-11,-0.7038002594869064
2023-12-12,-0.7010046935986285
2023-12-13,-0.7119341850919563
2023-12-14,-0.7061966273256437
2023-12-15,-0.7066930525755186
2023-12-18,-0.7102022659099787
2023-12-19,-0.7080884236348939
2023-12-20,-0.7163560946502439
2023-12-21,-0.7169887779076309
2023-12-22,-0.7152883605174938
2023-12-26,-0.7177494404271991
2023-12-27,-0.718181740023506
2023-12-28,-0.7174451251614804
2023-12-29,-0.7168706235683744
2024-01-02,-0.7186591704625158
2024-01-03,-0.7165381417263914
2024-01-04,-0.7118300681485064
2024-01-05,-0.699415597247766
2024-01-08,-0.6930106915038126
2024-01-09,-0.6840359239457552
2024-01-10,-0.6793065832528171
2024-01-11,-0.681362967564894
2024-01-12,-0.6781173194968497
2024-01-16,-0.6785833672772439
2024-01-17,-0.6801040184249452
2024-01-18,-0.6813727631834388
2024-01-19,-0.6790532050177465
2024-01-22,-0.6796158870957116
2024-01-23,-0.6891687875049053
2024-01-24,-0.6935322409105718
2024-01-25,-0.6947112519064911
2024-01-26,-0.6984492017820756
2024-01-29,-0.6940205475523902
2024-01-30,-0.6993305431941632
2024-01-31,-0.7001609266594047
2024-02-01,-0.6928762204715957
2024-02-02,-0.6961275297877867
2024-02-05,-0.7041467214823367
2024-02-06,-0.7085493721397986
2024-02-07,-0.7079887810297301
2024-02-08,-0.7235695326372369
2024-02-09,-0.6941934998131805
2024-02-12,-0.7081256815502872
2024-02-13,-0.7044600755064545
2024-02-14,-0.6978988917081477
2024-02-15,-0.6979439764197704
2024-02-16,-0.6894805244558402
2024-02-20,-0.6806921984897549
2024-02-21,-0.6728343477073073
2024-02-22,-0.6710817457026721
2024-02-23,-0.6777494037556258
2024-02-26,-0.6783589737359828
2024-02-27,-0.6839156544986169
2024-02-28,-0.6766068130460114
2024-02-29,-0.6805136454696683
2024-03-01,-0.6844531077009615
2024-03-04,-0.6841886765782199
2024-03-05,-0.6699972903695635
2024-03-06,-0.6750255886622867
2024-03-07,-0.6775066575982303
2024-03-08,-0.675816928078925
2024-03-11,-0.6733933233542357
2024-03-12,-0.6680057323190871
2024-03-13,-0.6621260617425291
2024-03-14,-0.6614040477657763
2024-03-15,-0.6710222213959618
2024-03-18,-0.7036631896047005
2024-03-19,-0.7049500081726237
2024-03-20,-0.6966803529787668
2024-03-21,-0.704509906812028
2024-03-22,-0.7018409161440422
2024-03-25,-0.7064824907539444
2024-03-26,-0.7048723251520848
2024-03-27,-0.701354785962832
2024-03-28,-0.7066378847816592
2024-04-01,-0.7039173229045836
2024-04-02,-0.7043145291068953
2024-04-03,-0.6999842585252827
2024-04-04,-0.7087166230471293
2024-04-05,-0.7023619444711882
2024-04-08,-0.7088361003438841
2024-04-09,-0.706943680229112
2024-04-10,-0.7112729806067053
2024-04-11,-0.705792567118273
2024-04-12,-0.7174708530386225
2024-04-15,-0.7134465703268313
2024-04-16,-0.7179038012870045
2024-04-17,-0.7211893826714584
2024-04-18,-0.7296685015813109
2024-04-19,-0.7185633881563058
2024-04-22,-0.7247166494002721
2024-04-23,-0.6949986106627692
2024-04-24,-0.7133648310075449
2024-04-25,-0.7064207556663167
2024-04-26,-0.7005716798626285
2024-04-29,-0.6987067704746224
2024-04-30,-0.7018443933735918
2024-05-01,-0.6952024411041773
2024-05-02,-0.6958370255510404
2024-05-03,-0.6966667954781744
2024-05-06,-0.6920194972633089
2024-05-07,-0.6993446136713173
2024-05-08,-0.6924636028524835
2024-05-09,-0.6954116591655666
2024-05-10,-0.6984420502757605
2024-05-13,-0.6991608756572125
2024-05-14,-0.701391119775927
2024-05-15,-0.6987786174175472
2024-05-16,-0.7146311965116299
2024-05-17,-0.7145040174105057
2024-05-20,-0.7121143236484118
2024-05-21,-0.7106861215775542
2024-05-22,-0.7144658035088689
2024-05-23,-0.7143976930984515
2024-05-24,-0.7091372224646033
2024-05-28,-0.6874676591071989
2024-05-29,-0.6772863537315237
2024-05-30,-0.6692463611501935
2024-05-31,-0.6670749997512049
2024-06-03,-0.657984953554827
2024-06-04,-0.6565005262077657
2024-06-05,-0.654656260817366
2024-06-06,-0.6494974912090701
2024-06-07,-0.6488482171898537
2024-06-10,-0.6252911999740656
2024-06-11,-0.6212230382315802
2024-06-12,-0.6247598788872439
2024-06-13,-0.6201492236931294
2024-06-14,-0.6221780677301441
2024-06-17,-0.6342872112353648
2024-06-18,-0.6360421990329419
2024-06-20,-0.6443775429239178
2024-06-21,-0.6382991331115484
2024-06-24,-0.6238305382531584
2024-06-25,-0.6217884570114878
2024-06-26,-0.6150840024387962
2024-06-27,-0.6145721474877499
2024-06-28,-0.6111265952767218
2024-07-01,-0.6053002234799951
2024-07-02,-0.6113156055800957
2024-07-03,-0.6028414421140056
2024-07-05,-0.6063284202577988
2024-07-08,-0.6059318646191905
2024-07-09,-0.6089578344780211
2024-07-10,-0.6164529144697148
2024-07-11,-0.6142234579394055
2024-07-12,-0.6185393091893596
2024-07-15,-0.6088084865055707
2024-07-16,-0.6004669862362038
2024-07-17,-0.6146636635203615
2024-07-18,-0.6176125999440716
2024-07-19,-0.6105111324363666
2024-07-22,-0.6090590160432745
2024-07-23,-0.5983889445189012
2024-07-24,-0.5959744144746875
2024-07-25,-0.6077704204134378
2024-07-26,-0.6024728416917844
2024-07-29,-0.6082501718804947
2024-07-30,-0.5954492890791343
2024-07-31,-0.6066733173215013
2024-08-01,-0.6008978742252573
2024-08-02,-0.5972834532571989
2024-08-05,-0.5939021876922537
2024-08-06,-0.5862583126747802
2024-08-07,-0.5764429224994547
2024-08-08,-0.5756632704415194
2024-08-09,-0.5764999175083858
2024-08-12,-0.5786685868718848
2024-08-13,-0.5795997083107736
2024-08-14,-0.5851009011917663
2024-08-15,-0.5776428384521815
2024-08-16,-0.5704945850563314
2024-08-19,-0.5798782286353612
2024-08-20,-0.5849705205409075
2024-08-21,-0.5788211416339388
2024-08-22,-0.5851056985433889
2024-08-23,-0.5791848459356137
2024-08-26,-0.5647843583133749
2024-08-27,-0.5519379251392857
2024-08-28,-0.5410453684963397
2024-08-29,-0.5269661973986501
2024-08-30,-0.5254435223715213
2024-09-03,-0.5429306844455155
2024-09-04,-0.5542687502885313
2024-09-05,-0.5776944004622786
2024-09-06,-0.5749265497028011
2024-09-09,-0.5694738817133489
2024-09-10,-0.571658414998744
2024-09-11,-0.5674951514466731
2024-09-12,-0.5731866933614986
2024-09-13,-0.5644116120922318
2024-09-16,-0.554003075607536
2024-09-17,-0.5563738739938717
2024-09-18,-0.5482391580095154
2024-09-19,-0.5611688368126853
2024-09-20,-0.5279797318681778
2024-09-23,-0.5317987453185475
2024-09-24,-0.5253972055312746
2024-09-25,-0.5208458696804623
2024-09-26,-0.5231477370697499
2024-09-27,-0.5194098267184373
2024-09-30,-0.5187106899647524
2024-10-01,-0.5280968355619313
2024-10-02,-0.5278517884411649
2024-10-03,-0.5291249158870164
2024-10-04,-0.5309832446760216
2024-10-07,-0.5434054033963642
2024-10-08,-0.5587540373731406
2024-10-09,-0.5647113788853764
2024-10-10,-0.5717612726167509
2024-10-11,-0.5769527134225099
2024-10-14,-0.5728316714087232
2024-10-15,-0.5717672130009683
2024-10-16,-0.5609114512602149
2024-10-17,-0.5714701507031537
2024-10-18,-0.5658632240683623
2024-10-21,-0.5797503501041534
2024-10-22,-0.5763191548864297
2024-10-23,-0.5896131572479879
2024-10-24,-0.5958197385952504
2024-10-25,-0.5994670534008204
2024-10-28,-0.5925180028268597
2024-10-29,-0.5963138848356406
2024-10-30,-0.5835970895609357
2024-10-31,-0.5921608702790575
2024-11-01,-0.5939977306632436
2024-11-04,-0.5966930085708944
2024-11-05,-0.6011712953052841
2024-11-06,-0.6093636839256469
2024-11-07,-0.6059459896978012
2024-11-08,-0.6081876202479624
2024-11-11,-0.6121532919397872
2024-11-12,-0.6151376876908401
2024-11-13,-0.6205841489806572
2024-11-14,-0.630080619482265
2024-11-15,-0.6053310785124806
2024-11-18,-0.6016757152214947
2024-11-19,-0.5803713780223623
2024-11-20,-0.5859955400278771
2024-11-21,-0.583238051128883
2024-11-22,-0.5903782544214069
2024-11-25,-0.5892583492829369
2024-11-26,-0.5814948748943616
2024-11-27,-0.5865844442974089
2024-11-29,-0.5886677499418438
2024-12-02,-0.5931059576864595
2024-12-03,-0.5873637434854277
2024-12-04,-0.5993573005835202
2024-12-05,-0.5898199287839452
2024-12-06,-0.5880880162244271
2024-12-09,-0.596888088384028
2024-12-10,-0.5941188257483727
2024-12-11,-0.5802565336651364
2024-12-12,-0.5739198790436957
2024-12-13,-0.5797644379741618
2024-12-16,-0.5772030536191073
2024-12-17,-0.564425549893202
2024-12-18,-0.5628248044913029
2024-12-19,-0.55108391527616
2024-12-20,-0.5576102393742248
2024-12-23,-0.5510916783472668
2024-12-24,-0.5531073486540823
2024-12-26,-0.5551429737499154
2024-12-27,-0.5598231547143273
2024-12-30,-0.5593765582488004
2024-12-31,-0.5577720153731143
2025-01-02,-0.5530763872107647
2025-01-03,-0.5510345972766144
2025-01-06,-0.5449785430092513
2025-01-07,-0.5388979921793196
2025-01-08,-0.5320138877356344
2025-01-10,-0.5171758275884013
2025-01-13,-0.5198571815686677
2025-01-14,-0.5164632288109745
2025-01-15,-0.5197255004665333
2025-01-16,-0.5233013543223786
2025-01-17,-0.5268048522487447
2025-01-21,-0.5333332062489644
2025-01-22,-0.5407345588563679
2025-01-23,-0.5481353090081074
2025-01-24,-0.5449626322512913
2025-01-27,-0.5478169966275876
2025-01-28,-0.544952024030553
2025-01-29,-0.5381911073739056
2025-01-30,-0.5284409342813632
2025-01-31,-0.5298900154525432
2025-02-03,-0.5293258528509552
2025-02-04,-0.4968784943449558
2025-02-05,-0.5037810584300653
2025-02-06,-0.4979908034373173
2025-02-07,-0.4854687324159057
2025-02-10,-0.4729174343669653
2025-02-11,-0.43508211827474774
2025-02-12,-0.40812431446817143
2025-02-13,-0.40052182708940176
2025-02-14,-0.4018872745740021
2025-02-18,-0.40390309322533025
2025-02-19,-0.40028790355260213
2025-02-20,-0.4216136280517748
2025-02-21,-0.4303212394557825
2025-02-24,-0.44316335999225664
2025-02-25,-0.4460097335727147
2025-02-26,-0.42583831129186667
2025-02-27,-0.42799736297941493
2025-02-28,-0.4321021797593474
2025-03-03,-0.4318885112565427
2025-03-04,-0.4509132707798402
2025-03-05,-0.45059705895526925
2025-03-06,-0.44962156395896713
2025-03-07,-0.4431627100715607
2025-03-10,-0.4537953219676485
2025-03-11,-0.4357538640772969
2025-03-12,-0.4254263794121984
2025-03-13,-0.43108635781756366
2025-03-14,-0.43194014732642394
2025-03-17,-0.43532947794891363
2025-03-18,-0.4312820642317412
2025-03-19,-0.42717639374286254
2025-03-20,-0.41489861605347045
2025-03-21,-0.4190469420014882
2025-03-24,-0.4213946419651142
2025-03-25,-0.4175896173895879
2025-03-26,-0.41989722928207396
2025-03-27,-0.416134342148764
2025-03-28,-0.4188720538988573
2025-03-31,-0.405459069574003
2025-04-01,-0.40028649299752495
2025-04-02,-0.40438065419544067
2025-04-03,-0.39280106784588487
2025-04-04,-0.4083041549309847
2025-04-07,-0.4087586827333869
2025-04-08,-0.3889315307453982
2025-04-09,-0.4014797374727097
2025-04-10,-0.3805918541869717
2025-04-11,-0.37305027823202863
2025-04-14,-0.37379631754070086
2025-04-15,-0.3566806917914338
2025-04-16,-0.34098206199035364
2025-04-17,-0.3409410557230661
2025-04-21,-0.33679060458425436
2025-04-22,-0.33274420308320707
2025-04-23,-0.333029408835257
2025-04-24,-0.2968170530977714
2025-04-25,-0.2918089837953497
2025-04-28,-0.296143648455911
2025-04-29,-0.29221646857997907
2025-04-30,-0.2982703495932135
2025-05-01,-0.3016612368822589
2025-05-02,-0.29802581300076536
2025-05-05,-0.28492232085248936
2025-05-06,-0.27573146632432
2025-05-07,-0.2747100317142035
2025-05-08,-0.2883596313497332
2025-05-09,-0.29045317461968523
2025-05-12,-0.31345224919693226
2025-05-13,-0.31188897636276725
2025-05-14,-0.2955284532033451
2025-05-15,-0.2826949505515186
2025-05-16,-0.28067603336786995
2025-05-19,-0.280299369352214
2025-05-20,-0.2837124516222005
2025-05-21,-0.26968432542147536
2025-05-22,-0.27939939931026725
2025-05-23,-0.26495141622884866
2025-05-27,-0.2793974024319592
2025-05-28,-0.2832090547626729
2025-05-29,-0.2873585822968314
2025-05-30,-0.27551940458116686
2025-06-02,-0.27305220661723695
2025-06-03,-0.29148814282403546
2025-06-04,-0.28775983078457124
2025-06-05,-0.2897365692656182
2025-06-06,-0.2860243524893802
2025-06-09,-0.27965098349762396
2025-06-10,-0.2849820799911891
2025-06-11,-0.2750469419210413
2025-06-12,-0.28983695609531335
2025-06-13,-0.2894630380437544
2025-06-16,-0.30052784423214174
2025-06-17,-0.2981395370455395
2025-06-18,-0.30245118233152013
2025-06-20,-0.30781154248868337
2025-06-23,-0.2949675317469529
2025-06-24,-0.30236426754771806
2025-06-25,-0.2887508665414389
2025-06-26,-0.29251324260749634
2025-06-27,-0.30058498162065383
2025-06-30,-0.3017509659757076
2025-07-01,-0.31139658663242287
2025-07-02,-0.33046715551323835
2025-07-03,-0.3167022692473429
2025-07-07,-0.3150227550179743
2025-07-08,-0.33002649380170634
2025-07-09,-0.33701352940122753
2025-07-10,-0.3439257345303144
2025-07-11,-0.33683257698323743
2025-07-14,-0.34471794773865394
2025-07-15,-0.3340643870847311
2025-07-16,-0.3460800858011286
2025-07-17,-0.3945420331234635
2025-07-18,-0.3908054234479579
2025-07-21,-0.37753705937802806
2025-07-22,-0.4116600387290257
2025-07-23,-0.41642348572800003
2025-07-24,-0.4098679787595154
2025-07-25,-0.4019601587797066
2025-07-28,-0.4053418688535002
2025-07-29,-0.4017972643221137
2025-07-30,-0.40419068391485435
2025-07-31,-0.38381984791411305
2025-08-01,-0.37882301194375145
2025-08-04,-0.3792528737665073
2025-08-05,-0.37720998294639596
2025-08-06,-0.3795936624243712
2025-08-07,-0.3869716406098833
2025-08-08,-0.3966078987800685
2025-08-11,-0.3886003589198985
2025-08-12,-0.4020071015330604
2025-08-13,-0.4212315986130868
2025-08-14,-0.42964165201595517
2025-08-15,-0.43548641200427074
2025-08-18,-0.44154134431444003
2025-08-19,-0.4433835897637426
2025-08-20,-0.4264454319331801
2025-08-21,-0.41607373239189727
2025-08-22,-0.4277427655406063
2025-08-25,-0.43594561697239076
2025-08-26,-0.4312369646689369
2025-08-27,-0.43385181317811305
2025-08-28,-0.43650747750444197
2025-08-29,-0.4379151960387109
2025-09-02,-0.4471147516750573
2025-09-03,-0.43785216270685456
2025-09-04,-0.4375442418685198
2025-09-05,-0.44772609502209626
2025-09-08,-0.42512506222277224
2025-09-09,-0.42791021722113953
2025-09-10,-0.4256155266450419
2025-09-11,-0.4388194149277096
2025-09-12,-0.4433251415543049
2025-09-15,-0.42864512243038355
2025-09-16,-0.4241211813682888
2025-09-17,-0.42010785963667185
2025-09-18,-0.4254756280729879
2025-09-19,-0.43275689835611253
2025-09-22,-0.43123847531351966
2025-09-23,-0.42947493578553786
2025-09-24,-0.4351606016846068
2025-09-25,-0.42731801852219586
2025-09-26,-0.43550177380251576
2025-09-29,-0.428080822510835
2025-09-30,-0.4256524730512714
2025-10-01,-0.43657510212890127
2025-10-02,-0.4413635720176874
2025-10-03,-0.4309028074187333
2025-10-06,-0.4240271751866649
2025-10-07,-0.4209215933043611
2025-10-08,-0.41794103015480566
2025-10-09,-0.45295008939317594
2025-10-10,-0.47703111070974913
2025-10-13,-0.4731617910105932
2025-10-14,-0.4791118564305421
2025-10-15,-0.48315031670986297
2025-10-16,-0.4848855357262254
2025-10-17,-0.4787463269672543
2025-10-20,-0.4783197999370339
2025-10-21,-0.43569518481790936
2025-10-22,-0.44055123536967056
2025-10-23,-0.44356438382999563
2025-10-24,-0.447105638926387
2025-10-27,-0.4487480937357802
2025-10-28,-0.43179153947728643
2025-10-29,-0.4328914451998189
2025-10-30,-0.4325810905549723
2025-10-31,-0.424428141057132
2025-11-03,-0.42191713998016844
2025-11-04,-0.4072401423283578
2025-11-05,-0.40916508838848387
2025-11-06,-0.39273997816178685
2025-11-07,-0.3804131003851756
2025-11-10,-0.378674008306243
2025-11-11,-0.37935208263739284
2025-11-12,-0.37628448995387664
2025-11-13,-0.386533984892254
2025-11-14,-0.3906134716940981
2025-11-17,-0.41001063511554925
2025-11-18,-0.4083360592273362
2025-11-19,-0.3993726464449683
2025-11-20,-0.39151515883245125
2025-11-21,-0.3688473974142257
2025-11-24,-0.36846703448659746
2025-11-25,-0.37210987730366085
2025-11-26,-0.38030892626691504
2025-11-28,-0.3818190676175002
2025-12-01,-0.3957860195950289
2025-12-02,-0.40808166043929983
2025-12-03,-0.4026300250388708
2025-12-04,-0.4004239640576479
2025-12-05,-0.4038209021880821
2025-12-08,-0.40418712741136975
2025-12-09,-0.4000786613232359
2025-12-10,-0.4305722011085207
2025-12-11,-0.4422253418368207
2025-12-12,-0.43209129823445025
2025-12-15,-0.42926726331263954
2025-12-16,-0.43247816841732867
2025-12-17,-0.42641620823090776
2025-12-18,-0.4263714105508205
2025-12-19,-0.42302643762496217
2025-12-22,-0.4138446547819141
2025-12-23,-0.39698560297255714
2025-12-24,-0.3939476623212981
2025-12-26,-0.3976372174244718
2025-12-29,-0.3964868031072797
2025-12-30,-0.397250958762414
2025-12-31,-0.3953696437040266
2026-01-02,-0.39827803790256144
2026-01-05,-0.4001613799301298
2026-01-06,-0.39518665318826507
2026-01-07,-0.38638252155100883
2026-01-08,-0.3756429849706624
2026-01-09,-0.3629648421407188
2026-01-12,-0.37276312802475786
2026-01-13,-0.3762630614139182
2026-01-14,-0.38925265003464027
2026-01-15,-0.4069442066204356
2026-01-16,-0.40591317167017404
2026-01-20,-0.39602461218177254
2026-01-21,-0.3865539590826579
2026-01-22,-0.37344460734791696
2026-01-23,-0.36065595996423117
2026-01-26,-0.37337587019535246
2026-01-27,-0.3783240889696273
2026-01-28,-0.3832443167818056
2026-01-29,-0.37939015181615776
2026-01-30,-0.3913814038976158
2026-02-02,-0.39397690753250636
2026-02-03,-0.41854246028449715
2026-02-04,-0.4315356197878284
2026-02-05,-0.4242278059926994
2026-02-06,-0.43402946395266007
2026-02-09,-0.42518504589573425
2026-02-10,-0.44298318760881017
2026-02-11,-0.43209516722357133
2026-02-12,-0.4161592527275815
2026-02-13,-0.4131336342754599
2026-02-17,-0.3790430098560069
2026-02-18,-0.39410212916830467
2026-02-19,-0.40256402833313754
2026-02-20,-0.39283697488404545
2026-02-23,-0.4028577093869279
2026-02-24,-0.4076373247776015
2026-02-25,-0.40869311859406743
2026-02-26,-0.3994760568806992
2026-02-27,-0.3983890866367341
2026-03-02,-0.40128235566672643
2026-03-03,-0.398948808487269
2026-03-04,-0.4090617020181826
2026-03-05,-0.4042760796577012
2026-03-06,-0.40504539972741505
2026-03-09,-0.4074845159370568
2026-03-10,-0.4020982740528858
2026-03-11,-0.4016364004690587
2026-03-12,-0.394319473086866
2026-03-13,-0.3969463315249744
2026-03-16,-0.37801982357652086
2026-03-17,-0.37383573710140805
2026-03-18,-0.37692349433325756
2026-03-19,-0.37757460851636626
2026-03-20,-0.3715162755785988
2026-03-23,-0.3719405061747514
2026-03-24,-0.3760139387570067
2026-03-25,-0.37533968003290497
2026-03-26,-0.37723755712496043
2026-03-27,-0.37729677226834824
2026-03-30,-0.39277901071622434
2026-03-31,-0.38648513382332883
2026-04-01,-0.3822229156664587
2026-04-02,-0.388030144803615
2026-04-06,-0.3798624358698186
2026-04-07,-0.3756983806121239
2026-04-08,-0.3673516912927095
2026-04-09,-0.37203773516371363
2026-04-10,-0.37860007035531584
2026-04-13,-0.3853140553404284
2026-04-14,-0.39104933676089715
2026-04-15,-0.39360604099587704
2026-04-16,-0.41644395893375474
2026-04-17,-0.4048148524033337
2026-04-20,-0.4042056964625207
2026-04-21,-0.40216210443603106
2026-04-22,-0.3962429967329699
2026-04-23,-0.3859349074878038
2026-04-24,-0.37979171481591933
2026-04-27,-0.3873340265051528
2026-04-28,-0.3627019082058789
2026-04-29,-0.35007527692803375
2026-04-30,-0.37057416000926224
2026-05-01,-0.3664584124898287
2026-05-04,-0.3545031314313034
2026-05-05,-0.3535233272391931
2026-05-06,-0.3495533574999028
2026-05-07,-0.3616813397276122
2026-05-08,-0.35174767533925255
2026-05-11,-0.31658995840718607
2026-05-12,-0.31449456990716484
2026-05-13,-0.29557541344180027
2026-05-14,-0.2894386468294803
2026-05-15,-0.2876805158663167
2026-05-18,-0.2826130466876178
2026-05-19,-0.2819799881619165
2026-05-20,-0.2797557684152965
2026-05-21,-0.28166223711795
2026-05-22,-0.2886102713116463
2026-05-26,-0.27028653266184755
2026-05-27,-0.26912304983503077
2026-05-28,-0.2748214575276329
2026-05-29,-0.2788439083004599
2026-06-01,-0.2660325181846783
2026-06-02,-0.27213271925015725
2026-06-03,-0.27123373617860214
2026-06-04,-0.29360801678281323
2026-06-05,-0.2678532231580997
2026-06-08,-0.25887949820018985
2026-06-09,-0.2503791545006102
2026-06-10,-0.23314073119234102
2026-06-11,-0.24206595121709906
2026-06-12,-0.24448824419516324
2026-06-15,-0.27173316503684397
2026-06-16,-0.2787172007206449
2026-06-17,-0.2535915684299681
2026-06-18,-0.26321041865346384
2026-06-22,-0.25276960681481686
2026-06-23,-0.25188656654083985
2026-06-24,-0.24973143843920553
2026-06-25,-0.23368666061514176
2026-06-26,-0.2190463279673569
2026-06-29,-0.2006788854374255
2026-06-30,-0.19509942305343664
2026-07-01,-0.23387130983341642
2026-07-02,-0.2194977144702861
2026-07-06,-0.22756212762702877
2026-07-07,-0.22549037912179326
2026-07-08,-0.21716029782529667
2026-07-09,-0.19536680882531865
2026-07-10,-0.18174605009254563
2026-07-13,-0.1802211544351202
2026-07-14,-0.1734180523953528
2026-07-15,-0.18068436761796303
2026-07-16,-0.17863549638129506
2026-07-17,-0.20335975998883793
2026-07-20,-0.18510968594187993
2026-07-21,-0.18375209192583153
2026-07-22,-0.1854487363192927
2026-07-23,-0.19321281140439606
2026-07-24,-0.19165104897123175
2026-07-27,-0.19111039930774165
2026-07-28,-0.16270576064877318
2026-07-29,-0.15775747871202128
2026-07-30,-0.14261362249182685
2026-07-31,-0.14855118202580453
2026-08-03,-0.1573900449121135
2026-08-04,-0.15728818196804184
2026-08-05,-0.15201670249685062
2026-08-06,-0.14948911820174438
2026-08-07,-0.15110441676612751
2026-08-10,-0.14444313379491902
2026-08-11,-0.15355540687043678
2026-08-12,-0.15285963119882773
2026-08-13,-0.15758054733733928
2026-08-14,-0.15540018948370804
2026-08-17,-0.14663940473712156
2026-08-18,-0.13842352561095872
2026-08-19,-0.13757758670288123
2026-08-20,-0.13262862759339722
2026-08-21,-0.13520404121978746
2026-08-24,-0.13321771151445017
2026-08-25,-0.1213622687297482
2026-08-26,-0.13800508117739874
2026-08-27,-0.1329808391882965
2026-08-28,-0.1352721690653409
2026-08-31,-0.1415163173804901
2026-09-01,-0.14542340920118768
2026-09-02,-0.14757798959538704
2026-09-03,-0.1378007240626289
2026-09-04,-0.1399958883476522
2026-09-08,-0.14227194386492403
2026-09-09,-0.13949915821258685
2026-09-10,-0.13603187382155468
2026-09-11,-0.12854381200005438
2026-09-14,-0.11674675882308172
2026-09-15,-0.112197929456479
2026-09-16,-0.11365969340437232
2026-09-17,-0.10674712514680174
2026-09-18,-0.07678540781739507
2026-09-21,-0.08851693808365368
2026-09-22,-0.08305138660309108
2026-09-23,-0.0816987790020196
2026-09-24,-0.06686558125791375
2026-09-25,-0.07366426944984283
2026-09-28,-0.07991762654557988
2026-09-29,-0.08520907314248927
2026-09-30,-0.07955134660526042
2026-10-01,-0.07100453227175674
2026-10-02,-0.07840464841937678
2026-10-05,-0.0666266720039781
2026-10-06,-0.07101174352785122
