entry_date,exit_date,direction,return,holding_days
2018-04-11,2018-06-12,Short Spread,-0.021256912090643287,62
2018-07-19,2018-07-30,Long Spread,0.01751443865030078,11
2018-09-27,2018-10-24,Short Spread,-0.0016680147135831325,27
2018-12-19,2018-12-28,Short Spread,0.006902949579677076,9
2019-01-14,2019-01-31,Short Spread,0.010968716486495556,17
2019-02-14,2019-04-29,Long Spread,-0.02771574203411864,74
2019-07-01,2019-08-30,Short Spread,-0.018888343667762708,60
2019-10-11,2019-10-18,Long Spread,0.01719012633310535,7
2019-12-26,2020-01-28,Short Spread,-0.00045367431247955725,33
2020-01-31,2020-02-26,Short Spread,0.004892887647061528,26
2020-03-13,2020-05-20,Long Spread,-0.050835524882205,68
2020-09-04,2020-09-28,Short Spread,0.008807759241022284,24
2020-11-09,2020-11-27,Short Spread,0.017591461350997095,18
2021-01-14,2021-02-10,Long Spread,0.015803537372976573,27
2021-02-22,2021-03-22,Short Spread,0.014480559674977522,28
2021-06-29,2021-08-05,Long Spread,-0.0010075590098272968,37
2021-09-17,2021-10-29,Long Spread,-0.0071159043085766704,42
2021-11-26,2021-12-13,Long Spread,0.011039962599030284,17
2022-02-08,2022-04-06,Short Spread,-0.011499552585714556,57
2022-07-07,2022-11-10,Long Spread,-0.04879718590658688,126
2023-02-16,2023-03-29,Long Spread,0.007094323522047308,41
2023-05-02,2023-06-16,Long Spread,-0.0049234295788613824,45
2023-08-17,2023-09-07,Short Spread,0.015766696731464913,21
2023-10-25,2024-02-05,Short Spread,-0.012271035315660872,103
2024-02-21,2024-03-18,Short Spread,0.014220739260238258,26
2024-04-18,2024-04-23,Long Spread,0.015742810289553155,5
2024-05-31,2024-10-08,Short Spread,-0.05670472427124784,130
2024-11-14,2024-11-19,Long Spread,0.023477398358770607,5
2025-01-07,2025-06-16,Short Spread,-0.11811187412877955,160
2025-07-14,2025-10-06,Long Spread,-0.04539960537946963,84
2025-10-10,2025-10-21,Long Spread,0.019677856123872628,11
2025-11-06,2025-12-10,Short Spread,0.017426293737462295,34
2026-02-10,2026-02-17,Long Spread,0.031259731132526,7
